<?xml version="1.0" encoding="UTF-8"?>
<project-private xmlns="http://www.netbeans.org/ns/project-private/1">
    <editor-bookmarks xmlns="http://www.netbeans.org/ns/editor-bookmarks/2" lastBookmarkId="0"/>
    <open-files xmlns="http://www.netbeans.org/ns/projectui-open-files/2">
        <group>
            <file>file:/C:/Users/Simon/Documents/GitHub/Disco/Discotheque/src/discotheque/JFrameArtistes.java</file>
            <file>file:/C:/Users/Simon/Documents/GitHub/Disco/Discotheque/src/discotheque/JFrameListeArtiste.java</file>
            <file>file:/C:/Users/Simon/Documents/GitHub/Disco/Discotheque/src/discotheque/ConnectionOracle.java</file>
            <file>file:/C:/Users/Simon/Documents/GitHub/Disco/Discotheque/src/discotheque/JFrameDisques.java</file>
            <file>file:/C:/Users/Simon/Documents/GitHub/Disco/Discotheque/src/discotheque/Main.java</file>
            <file>file:/C:/Users/Simon/Documents/GitHub/Disco/Discotheque/src/discotheque/Identifier.java</file>
        </group>
    </open-files>
</project-private>
